"","ID","Y","Yrecap","DL","UL","Size","IND_ID","Period","St_occ","End_occ"
"41",41,NA,0,-18,8,93,"a0900067000076510  ",1,3,4
"44",44,NA,0,-10,16,154,"a0900067000076557  ",1,3,4
"49",49,NA,0,-17,9,69,"a0900067000076666  ",1,3,4
"51",51,NA,0,-11,15,105,"a0900067000076715  ",1,3,4
"53",53,NA,0,-15,11,80,"a0900067000076846  ",1,3,4
"59",59,NA,0,-10,16,122,"a0900067000080024  ",1,3,4
"60",60,NA,0,-13,13,101,"a0900067000080068  ",1,3,4
"62",62,NA,0,-9,17,80,"a0900067000080070  ",1,3,4
"63",63,NA,0,-10,16,70,"a0900067000080083  ",1,3,4
"65",65,NA,0,-13,13,51,"a0900067000080087  ",1,3,4
"67",67,NA,0,-13,13,76,"a0900067000080100  ",1,3,4
"68",68,NA,0,-22,4,82,"a0900067000080104  ",1,3,4
"69",69,NA,0,-13,13,95,"a0900067000080151  ",1,3,4
"70",70,NA,0,-6,20,123,"a0900067000080160",1,3,4
"72",72,NA,0,-13,13,60,"a0900067000080240  ",1,3,4
"73",73,NA,0,-10,16,115,"a0900067000080252  ",1,3,4
"74",74,NA,0,-10,16,113,"a0900067000080319  ",1,3,4
"75",75,NA,0,-5,21,67,"a0900067000080355",1,3,4
"76",76,NA,0,-22,4,103,"a0900067000080361  ",1,3,4
"80",80,NA,0,-10,16,76,"a0900067000080414  ",1,3,4
"82",82,NA,0,-19,7,103,"a0900067000080524  ",1,3,4
"83",83,NA,0,-16,10,132,"a0900067000080577  ",1,3,4
"84",84,NA,0,-18,8,80,"a0900067000080597  ",1,3,4
"85",85,0,1,-22,4,68,"a0900067000080610  ",1,3,4
"86",86,NA,0,-18,8,69,"a0900067000080668  ",1,3,4
"87",87,NA,0,-19,7,52,"a0900067000080676  ",1,3,4
"88",88,0,1,-22,4,55,"a0900067000080677  ",1,3,4
"89",89,NA,0,-21,5,74,"a0900067000080678  ",1,3,4
"91",91,NA,0,-18,8,50,"a0900067000080824  ",1,3,4
"92",92,NA,0,-22,4,70,"a0900067000080826  ",1,3,4
"94",94,NA,0,-19,7,60,"a0900067000080843  ",1,3,4
"95",95,NA,0,-19,7,76,"a0900067000080901  ",1,3,4
"96",96,NA,0,-20,6,47,"a0900067000080933  ",1,3,4
"97",97,0,1,-22,4,72,"a0900067000080972  ",1,3,4
"101",101,NA,0,-10,16,89,"a0900067000085023  ",1,3,4
"103",103,NA,0,-10,16,108,"a0900067000085028  ",1,3,4
"146",146,NA,0,-18,8,76,"a0982000403060576  ",1,3,4
"147",147,NA,0,-22,4,90,"a0982000403060625  ",1,3,4
"148",148,NA,0,-19,7,87,"a0982000403060629  ",1,3,4
"149",149,NA,0,-17,9,63,"a0982000403060640  ",1,3,4
"242",43,NA,0,-10,16,111,"a0900067000076528",2,4,5
"245",46,NA,0,-19,7,72,"a0900067000076617",2,4,5
"247",48,NA,0,-21,5,93,"a0900067000076638",2,4,5
"249",50,NA,0,-10,16,118,"a0900067000076715",2,4,5
"254",55,NA,0,-16,10,95,"a0900067000077233",2,4,5
"256",57,NA,0,-9,17,70,"a0900067000077292",2,4,5
"257",58,NA,0,-11,15,138,"a0900067000080024",2,4,5
"260",61,NA,0,-11,15,95,"a0900067000080070",2,4,5
"265",66,NA,0,-13,13,75,"a0900067000080100",2,4,5
"270",71,NA,0,-17,9,61,"a0900067000080240",2,4,5
"276",77,NA,0,-13,13,72,"a0900067000080390",2,4,5
"278",79,NA,0,-16,10,75,"a0900067000080414",2,4,5
"280",81,NA,0,-19,7,107,"a0900067000080524",2,4,5
"284",85,NA,0,-22,4,69,"a0900067000080610  ",2,4,5
"287",88,NA,0,-22,4,56,"a0900067000080677  ",2,4,5
"289",90,NA,0,-19,7,55,"a0900067000080824",2,4,5
"292",93,NA,0,-19,7,65,"a0900067000080843",2,4,5
"296",97,0,1,-22,4,76,"a0900067000080972  ",2,4,5
"297",98,NA,0,-13,13,79,"a0900067000084700",2,4,5
"299",100,NA,0,-10,16,100,"a0900067000085023",2,4,5
"301",102,NA,0,-11,15,125,"a0900067000085028",2,4,5
"303",104,NA,0,-10,16,87,"a0900067000085331",2,4,5
"304",105,NA,0,-13,13,90,"a0900067000085384",2,4,5
"306",107,NA,0,-4,22,141,"a0900067000085427  ",2,4,5
"307",108,NA,0,-22,4,89,"a0900067000085444  ",2,4,5
"343",144,NA,0,-21,5,80,"a0982000403060561",2,4,5
"353",154,NA,0,-22,4,93,"a0982000407050096  ",2,4,5
"354",155,NA,0,-23,3,NA,"a0982000407050130  ",2,4,5
"355",156,NA,0,-13,13,75,"a0982000407050182",2,4,5
"356",157,NA,0,-13,13,89,"a0982000407050192",2,4,5
"358",159,NA,0,-13,13,68,"a0982000407050197",2,4,5
"360",161,NA,0,-13,13,74,"a0982000407050208",2,4,5
"362",163,NA,0,-13,13,71,"a0982000407050211",2,4,5
"364",165,NA,0,-16,10,90,"a0982000407050228",2,4,5
"365",166,NA,0,-12,14,55,"a0982000407050229",2,4,5
"366",167,NA,0,-13,13,52,"a0982000407050239",2,4,5
"367",168,NA,0,-9,17,54,"a0982000407050245",2,4,5
"368",169,NA,0,-16,10,88,"a0982000407050249",2,4,5
"370",171,NA,0,-9,17,70,"a0982000407050250",2,4,5
"371",172,NA,0,-9,17,80,"a0982000407050261",2,4,5
"372",173,NA,0,-13,13,94,"a0982000407050269",2,4,5
"374",175,NA,0,-4,22,125,"a0982000407050307  ",2,4,5
"377",178,NA,0,-9,17,84,"a0982000407050818",2,4,5
"378",179,NA,0,-21,5,55,"a0982000407050900",2,4,5
"379",180,NA,0,-18,8,61,"a0982000407050923",2,4,5
"380",181,NA,0,-19,7,69,"a0982000407050938",2,4,5
"381",182,NA,0,-19,7,80,"a0982000407050946",2,4,5
"382",183,NA,0,-19,7,61,"a0982000407050988",2,4,5
"440",42,NA,0,-13,13,87,"a0900067000076520  ",3,5,6
"445",47,NA,0,-18,8,70,"a0900067000076617  ",3,5,6
"451",53,NA,0,-26,0,86,"a0900067000076846  ",3,5,6
"457",59,NA,0,-10,16,124,"a0900067000080024  ",3,5,6
"463",65,NA,0,-13,13,59,"a0900067000080087  ",3,5,6
"471",73,NA,0,-11,15,129,"a0900067000080252  ",3,5,6
"476",78,NA,0,-13,13,75,"a0900067000080390  ",3,5,6
"480",82,NA,0,-18,8,113,"a0900067000080524  ",3,5,6
"481",83,NA,0,-26,0,151,"a0900067000080577  ",3,5,6
"485",87,NA,0,-20,6,59,"a0900067000080676  ",3,5,6
"493",95,1,1,-19,7,82,"a0900067000080901  ",3,5,6
"495",97,NA,0,-22,4,78,"a0900067000080972  ",3,5,6
"497",99,NA,0,-13,13,88,"a0900067000084700  ",3,5,6
"504",106,NA,0,-13,13,97,"a0900067000085384  ",3,5,6
"541",143,NA,0,-13,13,70,"a0982000403060265  ",3,5,6
"547",149,0,1,-22,4,69,"a0982000403060640  ",3,5,6
"558",160,NA,0,-13,13,70,"a0982000407050197  ",3,5,6
"560",162,NA,0,-13,13,81,"a0982000407050208  ",3,5,6
"562",164,NA,0,-13,13,81,"a0982000407050211  ",3,5,6
"568",170,NA,0,-22,4,91,"a0982000407050249  ",3,5,6
"582",184,NA,0,-11,15,73,"a0982000407063347  ",3,5,6
"583",185,NA,0,-13,13,60,"a0982000407063357  ",3,5,6
"584",186,NA,0,-13,13,88,"a0982000407063363  ",3,5,6
"585",187,NA,0,-13,13,64,"a0982000407063401  ",3,5,6
"586",188,NA,0,-11,15,67,"a0982000407063408  ",3,5,6
"587",189,NA,0,-13,13,65,"a0982000407063426  ",3,5,6
"591",193,NA,0,-15,11,86,"a0982000407069478  ",3,5,6
"592",194,NA,0,-15,11,111,"a0982000407069481  ",3,5,6
"593",195,NA,0,-22,4,55,"a0982000407069573  ",3,5,6
"594",196,NA,0,-22,4,75,"a0982000407069590  ",3,5,6
"595",197,NA,0,-22,4,65,"a0982000407069614  ",3,5,6
"596",198,NA,0,-23,3,57,"a0982000407069616  ",3,5,6
"597",199,NA,0,-21,5,96,"a0982000407069636  ",3,5,6
"642",45,NA,0,-24,2,94,"a0900067000076591  ",4,6,7
"648",51,NA,0,-11,15,116,"a0900067000076715  ",4,6,7
"653",56,NA,0,-26,0,112,"a0900067000077233  ",4,6,7
"661",64,NA,0,-23,3,80,"a0900067000080086  ",4,6,7
"664",67,NA,0,-12,14,86,"a0900067000080100  ",4,6,7
"685",88,NA,0,-22,4,70,"a0900067000080677  ",4,6,7
"692",95,NA,0,-20,6,84,"a0900067000080901  ",4,6,7
"693",96,NA,0,-16,10,65,"a0900067000080933  ",4,6,7
"742",145,NA,0,-21,5,92,"a0982000403060561  ",4,6,7
"746",149,NA,0,-22,4,71,"a0982000403060640  ",4,6,7
"747",150,NA,0,-10,16,86,"a0982000407049975  ",4,6,7
"748",151,NA,0,-4,22,61,"a0982000407049998  ",4,6,7
"749",152,NA,0,-10,16,106,"a0982000407050016  ",4,6,7
"750",153,NA,0,-5,21,80,"a0982000407050069  ",4,6,7
"755",158,NA,0,-13,13,97,"a0982000407050192  ",4,6,7
"771",174,NA,0,-26,0,107,"a0982000407050269  ",4,6,7
"773",176,NA,0,-15,11,60,"a0982000407050609  ",4,6,7
"774",177,NA,0,-13,13,59,"a0982000407050654  ",4,6,7
"787",190,NA,0,-21,5,73,"a0982000407063470  ",4,6,7
"788",191,NA,0,-21,5,60,"a0982000407063505  ",4,6,7
"789",192,NA,0,-19,7,62,"a0982000407063519  ",4,6,7
"848",52,0,1,-19,7,100,"a0900067000076824  ",5,7,8
"883",87,NA,0,-19,7,71,"a0900067000080676  ",5,7,8
"893",97,NA,0,-24,2,99,"a0900067000080972  ",5,7,8
"909",113,0,1,-21,5,65,"a0900067000122070  ",5,7,8
"915",119,NA,0,-5,21,94,"a0900067000122402  ",5,7,8
"916",120,NA,0,-4,22,77,"a0900067000122424  ",5,7,8
"1047",52,NA,0,-19,7,106,"a0900067000076824  ",6,8,9
"1049",54,NA,0,-13,13,92,"a0900067000076896  ",6,8,9
"1105",110,NA,0,-13,13,91,"a0900067000121834  ",6,8,9
"1107",112,NA,0,-13,13,88,"a0900067000121844  ",6,8,9
"1108",113,NA,0,-21,5,68,"a0900067000122070  ",6,8,9
"1109",114,NA,0,-22,4,86,"a0900067000122259  ",6,8,9
"1110",115,NA,0,-13,13,61,"a0900067000122301  ",6,8,9
"1111",116,NA,0,-15,11,79,"a0900067000122325  ",6,8,9
"1112",117,NA,0,-13,13,65,"a0900067000122332  ",6,8,9
"1113",118,0,1,-13,13,65,"a0900067000122377  ",6,8,9
"1281",87,NA,0,-19,7,77,"a0900067000080676  ",7,9,10
"1312",118,NA,0,-13,13,65,"a0900067000122377  ",7,9,10
"1315",121,NA,0,-13,13,54,"a0900067000122606  ",7,9,10
"1316",122,NA,0,-15,11,91,"a0900067000122634  ",7,9,10
"1317",123,NA,0,-4,22,59,"a0900067000122641  ",7,9,10
"1318",124,NA,0,-13,13,56,"a0900067000124996  ",7,9,10
"1319",125,NA,0,-9,17,60,"a0900067000125036  ",7,9,10
"1320",126,0,1,-9,17,59,"a0900067000125046  ",7,9,10
"1321",127,NA,0,-10,16,61,"a0900067000125047  ",7,9,10
"1323",129,NA,0,-13,13,74,"a0900067000125072  ",7,9,10
"1324",130,NA,0,-13,13,65,"a0900067000125075  ",7,9,10
"1335",141,0,1,-5,21,58,"a0900067000125683  ",7,9,10
"1502",109,NA,0,-12,14,68,"a0900067000121802  ",8,10,11
"1503",110,NA,0,-13,13,93,"a0900067000121834  ",8,10,11
"1507",114,0,1,-22,4,90,"a0900067000122259  ",8,10,11
"1519",126,12,1,-9,17,60,"a0900067000125046  ",8,10,11
"1524",131,NA,0,-13,13,104,"a0900067000125083  ",8,10,11
"1525",132,NA,0,-13,13,70,"a0900067000125140  ",8,10,11
"1534",141,NA,0,-5,21,59,"a0900067000125683  ",8,10,11
"1535",142,NA,0,-13,13,58,"a0900067000125911  ",8,10,11
"1703",111,NA,0,-13,13,90,"a0900067000121844",9,11,12
"1706",114,NA,0,-22,4,103,"a0900067000122259  ",9,11,12
"1718",126,0,1,-21,5,70,"a0900067000125046  ",9,11,12
"1720",128,NA,0,-13,13,80,"a0900067000125072",9,11,12
"1725",133,NA,0,-9,17,67,"a0900067000125321",9,11,12
"1726",134,NA,0,-21,5,87,"a0900067000125498  ",9,11,12
"1727",135,NA,0,-13,13,65,"a0900067000125590",9,11,12
"1728",136,NA,0,-13,13,91,"a0900067000125595",9,11,12
"1730",138,NA,0,-15,11,83,"a0900067000125656",9,11,12
"1731",139,NA,0,-22,4,56,"a0900067000125659  ",9,11,12
"1732",140,NA,0,-15,11,63,"a0900067000125666",9,11,12
"1805",14,NA,0,-21,5,98,"a0900043000135011  ",10,12,13
"1806",15,NA,0,-18,8,74,"a0900043000135020  ",10,12,13
"1807",16,NA,0,-21,5,83,"a0900043000135026  ",10,12,13
"1808",17,NA,0,-12,14,94,"a0900043000135040  ",10,12,13
"1809",18,NA,0,-11,15,122,"a0900043000135050  ",10,12,13
"1810",19,NA,0,-22,4,91,"a0900043000135069  ",10,12,13
"1811",20,NA,0,-9,17,70,"a0900043000135085  ",10,12,13
"1812",21,NA,0,-13,13,84,"a0900043000135097  ",10,12,13
"1813",22,0,1,-13,13,65,"a0900043000135101  ",10,12,13
"1814",23,NA,0,-10,16,67,"a0900043000135107  ",10,12,13
"1815",24,NA,0,-13,13,75,"a0900043000135135  ",10,12,13
"1816",25,NA,0,-22,4,84,"a0900043000135145  ",10,12,13
"1817",26,NA,0,-22,4,70,"a0900043000135261  ",10,12,13
"1818",27,NA,0,-21,5,65,"a0900043000135263  ",10,12,13
"1819",28,NA,0,-22,4,65,"a0900043000135296  ",10,12,13
"1820",29,NA,0,-11,15,104,"a0900043000135355  ",10,12,13
"1821",30,-1,1,-16,10,88,"a0900043000135409  ",10,12,13
"1822",31,NA,0,-10,16,92,"a0900043000135454  ",10,12,13
"1823",32,NA,0,-16,10,68,"a0900043000135462  ",10,12,13
"1824",33,0,1,-13,13,77,"a0900043000135464  ",10,12,13
"1845",54,3,1,-10,16,105,"a0900067000076896  ",10,12,13
"1877",86,NA,0,-16,10,97,"a0900067000080668  ",10,12,13
"1917",126,0,1,-21,5,80,"a0900067000125046  ",10,12,13
"1920",129,NA,0,-13,13,84,"a0900067000125072  ",10,12,13
"1922",131,NA,0,-15,11,133,"a0900067000125083  ",10,12,13
"1928",137,0,1,-13,13,91,"a0900067000125595  ",10,12,13
"2012",22,NA,0,-13,13,65,"a0900043000135101  ",11,13,14
"2020",30,0,1,-15,11,95,"a0900043000135409  ",11,13,14
"2023",33,NA,0,-13,13,83,"a0900043000135464  ",11,13,14
"2024",34,NA,0,-13,13,80,"a0900043000135507  ",11,13,14
"2025",35,1,1,-13,13,88,"a0900043000135543  ",11,13,14
"2026",36,NA,0,-13,13,59,"a0900043000135560  ",11,13,14
"2027",37,0,1,-22,4,72,"a0900043000135625  ",11,13,14
"2028",38,NA,0,-13,13,90,"a0900043000135748  ",11,13,14
"2029",39,NA,0,-10,16,113,"a0900043000135834  ",11,13,14
"2030",40,-1,1,-16,10,81,"a0900043000135987  ",11,13,14
"2044",54,0,1,-13,13,112,"a0900067000076896  ",11,13,14
"2107",117,NA,0,-13,13,101,"a0900067000122332  ",11,13,14
"2111",121,NA,0,-13,13,82,"a0900067000122606  ",11,13,14
"2116",126,NA,0,-21,5,96,"a0900067000125046  ",11,13,14
"2127",137,1,1,-13,13,93,"a0900067000125595  ",11,13,14
"2194",5,NA,0,-13,13,103,"a0900043000134398  ",12,14,15
"2196",7,NA,0,-13,13,85,"a0900043000134532  ",12,14,15
"2197",8,NA,0,-13,13,78,"a0900043000134538  ",12,14,15
"2198",9,9,1,-13,13,94,"a0900043000134643  ",12,14,15
"2199",10,NA,0,-15,11,88,"a0900043000134676  ",12,14,15
"2200",11,NA,0,-13,13,88,"a0900043000134693  ",12,14,15
"2201",12,-3,1,-16,10,90,"a0900043000134706  ",12,14,15
"2202",13,NA,0,-16,10,174,"a0900043000134753  ",12,14,15
"2204",15,5,1,-11,15,96,"a0900043000135020  ",12,14,15
"2205",16,0,1,-26,0,97,"a0900043000135026  ",12,14,15
"2217",28,0,1,-22,4,78,"a0900043000135296  ",12,14,15
"2219",30,NA,0,-15,11,97,"a0900043000135409  ",12,14,15
"2224",35,-1,1,-14,12,90,"a0900043000135543  ",12,14,15
"2226",37,0,1,-22,4,76,"a0900043000135625  ",12,14,15
"2229",40,NA,0,-15,11,82,"a0900043000135987  ",12,14,15
"2243",54,3,1,-13,13,118,"a0900067000076896  ",12,14,15
"2304",115,0,1,-13,13,93,"a0900067000122301  ",12,14,15
"2311",122,NA,0,-17,9,105,"a0900067000122634  ",12,14,15
"2320",131,NA,0,-24,2,140,"a0900067000125083  ",12,14,15
"2321",132,NA,0,-13,13,131,"a0900067000125140  ",12,14,15
"2326",137,NA,0,-14,12,95,"a0900067000125595  ",12,14,15
"2331",142,-13,1,-26,0,93,"a0900067000125911  ",12,14,15
"2389",1,13,1,-13,13,70,"a0900043000134041  ",13,15,16
"2390",2,NA,0,-13,13,77,"a0900043000134044  ",13,15,16
"2391",3,NA,0,-13,13,70,"a0900043000134053  ",13,15,16
"2392",4,0,1,-13,13,76,"a0900043000134117  ",13,15,16
"2394",6,NA,0,-13,13,80,"a0900043000134424  ",13,15,16
"2397",9,4,1,-22,4,96,"a0900043000134643  ",13,15,16
"2400",12,NA,0,-13,13,86,"a0900043000134706  ",13,15,16
"2403",15,NA,0,-16,10,100,"a0900043000135020  ",13,15,16
"2404",16,0,1,-26,0,99,"a0900043000135026  ",13,15,16
"2410",22,0,1,-13,13,65,"a0900043000135101  ",13,15,16
"2416",28,NA,0,-22,4,76,"a0900043000135296  ",13,15,16
"2421",33,NA,0,-13,13,90,"a0900043000135464  ",13,15,16
"2423",35,NA,0,-13,13,91,"a0900043000135543  ",13,15,16
"2425",37,NA,0,-22,4,75,"a0900043000135625  ",13,15,16
"2442",54,NA,0,-16,10,118,"a0900067000076896  ",13,15,16
"2500",112,NA,0,-13,13,106,"a0900067000121844  ",13,15,16
"2503",115,NA,0,-13,13,92,"a0900067000122301  ",13,15,16
"2505",117,NA,0,-13,13,110,"a0900067000122332  ",13,15,16
"2530",142,NA,0,-13,13,96,"a0900067000125911  ",13,15,16
